id,name,time_id
1,Start,-2
2,Background,-1
3,Box0,0
4,message,1
5,00-readme,1
6,26-EN-1,2
7,01-QU-1-11,2
8,02-EN-1-6-7-10,2
9,03-LI-1-4-5-6-7-8-9,2
10,00-invitation,3
11,04-BI-6-9,3
12,04-ST-1-5-8,3
13,05-DI-1-5,4
14,06-ST-1-11,5
15,07-KI-11,6
16,00-references,6
17,02-KI-11,6
18,03-KI-10-11,6
19,05-KI-8-10-11,6
20,06-ED-8-10,7
21,01-BI-6-10,7
22,07-ED-10,8
23,00-act-structure,9
24,08-ED-4-10,9
25,08-KI-1-6,10
26,09-DI-1-3,11
27,10-TO-1-4,12
28,11-LI-1-7-8,13
29,11-BI-6-9,16
30,10-ED-8,17
31,12-BI-1-2-3-4-5-7-8-9,17
32,13-VI-7-8,18
33,15-VI-1-2-4-5-7,19
34,14-VI-7,20
35,16-DI-5-7,20
36,15-DI-3-6,23
37,16-KI-1-2-3-4-6,24
38,17-DI-6-7,25
39,17-MA-1-5,25
40,01-LI-3-5,26
41,02-OS-3,27
42,17-DI-6-7,21
43,17-KI-2-3-4,25
44,18-AT-1-4,26
45,20-DI-1,28
46,00-dream,29
47,21-LI-1-2-4,29
48,11-TO-4-5,30
49,09-TO-4-9,31
50,09-ED-6-10,32
51,19-DI-4-6,30
52,20-KI-3-4,31
53,19-KI-3-5,32
54,18-MA-5-6,33
55,10-MA-5-6,34
56,10-LI-7-9,35
57,20-LI-2-5,33
58,21-CH-3,32
59,22-LI-1,30
60,23-CH-1-2,31
61,22-CH-2-3,32
62,06-TO-3-4,33
63,24-DI-1,32
64,25-AT-1,33
65,19-AT-1-2,27
66,18-VI-2-7,28
67,00-list-of-names,28
68,18-KI-3,26
69,14-DI-1-3-5,24
70,08-MA-3-5,25
71,09-MA-5-7,26
72,06-DI-5-6-7,27
73,05-BI-6-7,28
74,04-AT-2-7,29
75,05-AT-2-4,30
76,01-HE-4-9,31
77,01-ST-12,32
78,00-audio-recovery,33
79,25-WI-K,34
80,message-最后,35
81,00-final-note,36
82,04-KI-3-10-11,26
83,14-AT-2-4,20
84,13-TO-4-6,21
85,14-LI-6,22
86,12-TO-6,22
87,13-MA-5,18
88,13-OS-3,18
89,13-AT-2,18
90,13-ST-1,18
100,07-ST-3,12
101,10-DI-2-3,14
102,11-OS-2-3,15
103,07-DI-1-2-4-5-6-7-8-9,11
104,08-DI-2-7-8-9,12
105,09-VI-2-8,13
106,06-LI-2-9,14
107,05-LI-3-9,15
108,04-HE-4,15
109,03-AT-2-3,10
110,02-AT-2-4,11
111,02-LI-5-8-9,12
112,01-AT-2,12
113,01-DI-7-8,13
